Column,Statistic,P-Value,Sample_Count,Is_Normal,Mean,Std_Dev,Min,Max
Temp (C),0.863547170307235,6.285356027157369e-16,311,No,28.15813504823151,1.1150688078406967,23.6,30.75
Baro (mb),0.575164022333152,7.086166014701016e-27,311,No,1011.8070739549839,4.0490637855773945,997.0,1014.0
Depth (m),0.5301948227378592,5.403068952858825e-28,311,No,0.2136655957106109,0.32573599377635165,-0.189999998,3.309999943
pH,0.8978274522937064,1.2544139408779187e-13,311,No,6.944051446945336,0.585938715216732,5.13,7.86
ORP (REDOX),0.812623700355621,1.1204649299347708e-18,311,No,123.7790996784566,85.36570615635945,-11.6,441.6
